alias,Condition 1,Condition 2,Condition 3,Condition 4,Condition 5,Condition 6,Condition 7,Condition 8,Condition 9,Condition 10,Condition 11,Condition 12,Condition 13,Condition 14,systematic_name,description,short_description,secretome,other_criterion,color
ATP8,1.45,0,2.04,0,1.61,0,0.81,1.11,0.54,1.13,1.61,0.28,1.91,0,Q0080,Subunit 8 of the F0 sector of mitochondrial F1F0 ATP synthase; encoded on the mitochondrial genome; ATP8 and ATP6 mRNAs are not translated in the absence of the F1 sector of ATPase,Subunit 8 of the F0 sector of mitochondr...,False,False,red
MDM10,13.49,4.33,18.76,9.47,10.67,10.44,10.71,8.33,8.55,5.24,11.8,6.17,16.25,8.69,YAL010C,"Subunit of both the ERMES and the SAM complex; component of ERMES complex which acts as a molecular tether between the mitochondria and the ER, necessary for efficient phospholipid exchange between organelles and for mitophagy; SAM/TOB complex component that functions in the assembly of outer membrane beta-barrel proteins; involved in mitochondrial inheritance and morphology",Subunit of both the ERMES and the SAM co...,False,True,red
FUN26,42.26,318.79,47.93,221.68,45.78,39.9,40.59,107.18,40.33,97.57,40.17,79.86,46.05,97.93,YAL022C,"Vacuolar membrane transporter with broad nucleoside selectivity; may regulate balance of nicotinamide riboside (NmR) levels between cytosol and vacuole, contributing to salvage of NmR for use in cytosolic NAD+ synthesis",Vacuolar membrane transporter with broad...,True,False,red
FUN19,5.93,1.16,15.38,5,2.93,2.89,1.74,1.65,2.56,1.35,4.87,1.57,9.63,3.7,YAL034C,"Non-essential protein of unknown function; expression induced in response to heat stress; FUN19 has a paralog, YOR338W, that arose from the whole genome duplication",Non-essential protein of unknown functio...,False,True,red
GCV3,323.29,124.61,427.92,190.04,256.75,299.96,231.48,156.51,244.92,115.86,255.28,139.54,299.64,147.75,YAL044C,"H subunit of the mitochondrial glycine decarboxylase complex; glycine decarboxylase is required for the catabolism of glycine to 5,10-methylene-THF; also required for all protein lipoylation; expression is regulated by levels of 5,10-methylene-THF",H subunit of the mitochondrial glycine d...,False,False,red
ECM1,32.39,8.1,23.28,9.64,29.42,31.98,42.36,25.9,41.42,14.81,40.8,24.58,18.3,10.23,YAL059W,Pre-ribosomal factor involved in 60S ribosomal protein subunit export; associates with the pre-60S particle; shuttles between the nucleus and cytoplasm,Pre-ribosomal factor involved in 60S rib...,False,True,red
PAU8,0,0,0.21,0,0,0,0,0,0,0,0,0,0,0,YAL068C,Protein of unknown function; member of the seripauperin multigene family encoded mainly in subtelomeric regions,Protein of unknown function; member of t...,True,False,red
SEN34,17.66,7.06,16.48,8.1,16.76,16.49,19.3,13.45,14.92,7.38,16.79,7.56,19.28,11.1,YAR008W,"Subunit of the tRNA splicing endonuclease; tRNA splicing endonuclease is composed of Sen2p, Sen15p, Sen34p, and Sen54p; Sen34p contains the active site for tRNA 3' splice site cleavage and has similarity to Sen2p and to Archaeal tRNA splicing endonuclease",Subunit of the tRNA splicing endonucleas...,False,True,red
YAT1,2.72,1.3,4.65,2.16,2.67,2.7,2.7,2.08,1.79,1.32,2.1,0.86,3.58,2.12,YAR035W,Outer mitochondrial carnitine acetyltransferase; minor ethanol-inducible enzyme involved in transport of activated acyl groups from the cytoplasm into the mitochondrial matrix; phosphorylated,Outer mitochondrial carnitine acetyltran...,False,False,red
LDB7,55.9,24.97,86.9,34.43,54.11,63.49,51.03,36.02,46.28,24.87,53.22,29.83,60.31,33.1,YBL006C,"Component of the RSC chromatin remodeling complex; interacts with Rsc3p, Rsc30p, Npl6p, and Htl1p to form a module important for a broad range of RSC functions",Component of the RSC chromatin remodelin...,False,True,red
POP8,48.5,19.02,33.97,21.56,48.75,47.79,64.9,42.75,56.44,28.8,56.73,34.99,37.06,19.42,YBL018C,"Subunit of both RNase MRP and nuclear RNase P; RNase MRP cleaves pre-rRNA, while nuclear RNase P cleaves tRNA precursors to generate mature 5' ends and facilitates turnover of nuclear RNAs; relocalizes to the cytosol in response to hypoxia",Subunit of both RNase MRP and nuclear RN...,False,False,red
YBL029C-A,34.97,11.21,51.65,22.6,23.09,27.63,28.75,15.77,29.75,13.19,33.34,18.96,49.89,20.29,YBL029C-A,Protein of unknown function; green fluorescent protein (GFP)-fusion protein localizes to the cell periphery; protein abundance increases in response to DNA replication stress; has potential orthologs in Saccharomyces species and in Yarrowia lipolytica,Protein of unknown function; green fluor...,False,True,red
ERD2,146.82,463.88,189.82,584.75,120.71,106.22,149.91,368.68,103.24,408.05,134.18,368.08,184.23,435.72,YBL040C,HDEL receptor; an integral membrane protein that binds to the HDEL motif in proteins destined for retention in the endoplasmic reticulum; has a role in maintenance of normal levels of ER-resident proteins,HDEL receptor; an integral membrane prot...,True,False,red
TOD6,11.93,5.54,10.28,4.34,15.37,15.54,15.08,8.54,16.2,6.94,20.84,8.94,6.32,2.35,YBL054W,"PAC motif binding protein involved in rRNA and ribosome biogenesis; subunit of the RPD3L histone deacetylase complex; Myb-like HTH transcription factor; hypophosphorylated by rapamycin treatment in a Sch9p-dependent manner; TOD6 has a paralog, DOT6, that arose from the whole genome duplication",PAC motif binding protein involved in rR...,False,True,red
UBP13,19.36,6.45,24.62,11.96,17.45,17.02,20.28,14.32,17.6,13.25,19.36,14.81,20.6,16.32,YBL067C,"Ubiquitin-specific protease that cleaves Ub-protein fusions; UBP13 has a paralog, UBP9, that arose from the whole genome duplication",Ubiquitin-specific protease that cleaves...,False,False,red
YBL081W,30.6,8.88,26.58,10.82,29.66,27.12,24.56,13.08,24.86,8.63,29.58,12.74,17.2,7.86,YBL081W,Non-essential protein of unknown function; null mutation results in a decrease in plasma membrane electron transport,Non-essential protein of unknown functio...,False,True,red
ROX3,54.41,19.51,70.53,29.76,49.06,53.55,48.85,32.64,48.51,19.88,54.25,26.81,65.14,27.34,YBL093C,Subunit of the RNA polymerase II mediator complex; associates with core polymerase subunits to form the RNA polymerase II holoenzyme,Subunit of the RNA polymerase II mediato...,False,False,red
MIX23,37.91,11.64,53.21,30.77,27.59,27.27,30.17,22.72,24.87,12.7,30.34,21.86,43.66,20.26,YBL107C,Mitochondrial intermembrane space protein of unknown function; imported via the MIA import machinery; contains an unusual twin cysteine motif (CX13C CX14C),Mitochondrial intermembrane space protei...,False,True,red
DSF2,12.94,2.83,17.11,7.44,9.5,8.76,10.81,6.6,9.06,4.01,11.12,5.77,13.58,6.27,YBR007C,Deletion suppressor of mpt5 mutation; relocalizes from bud neck to cytoplasm upon DNA replication stress,Deletion suppressor of mpt5 mutation; re...,False,False,red
GAL1,0,0.06,0.1,0,0.1,0.05,0.01,0.11,0.09,0,0.05,0.02,0.05,0,YBR020W,"Galactokinase; phosphorylates alpha-D-galactose to alpha-D-galactose-1-phosphate in the first step of galactose catabolism; expression regulated by Gal4p; GAL1 has a paralog, GAL3, that arose from the whole genome duplication",Galactokinase; phosphorylates alpha-D-ga...,False,True,red
HMT1,70.81,26.83,52.41,20.83,83.35,78.48,92.77,61.24,100.46,45.75,104.8,41.95,51,28.37,YBR034C,"Nuclear SAM-dependent mono- and asymmetric methyltransferase; modifies hnRNPs, including Npl3p and Hrp1p, affecting their activity and nuclear export; methylates U1 snRNP protein Snp1p and ribosomal protein Rps2p; interacts genetically with genes encoding components of Rpd3(L) and this interaction is important for Rpd3 recruitment to the subtelomeric region.",Nuclear SAM-dependent mono- and asymmetr...,False,False,red
ZTA1,48.99,12.31,84.83,33.7,38.49,43.52,44.42,30.58,28.33,15.5,31.9,16.14,66.7,29.38,YBR046C,NADPH-dependent quinone reductase; GFP-tagged protein localizes to the cytoplasm and nucleus; has similarity to E. coli quinone oxidoreductase and to human zeta-crystallin,NADPH-dependent quinone reductase; GFP-t...,False,True,blue
UBP14,34.31,8.49,35.7,12.34,33.42,32.9,35.87,23.28,32.07,14.18,33.78,11.42,41.82,19.9,YBR058C,"Ubiquitin-specific protease; specifically disassembles unanchored ubiquitin chains; involved in fructose-1,6-bisphosphatase (Fbp1p) degradation; similar to human isopeptidase T",Ubiquitin-specific protease; specificall...,False,False,blue
ALG14,23.59,88.48,34.55,96.04,18.54,22.83,25.26,68.63,18.4,75.6,21.03,69.58,23.45,57.63,YBR070C,Component of UDP-GlcNAc transferase; required for the second step of dolichyl-linked oligosaccharide synthesis; anchors the catalytic subunit Alg13p to the ER membrane; similar to bacterial and human glycosyltransferases,Component of UDP-GlcNAc transferase; req...,True,True,blue
UBC4,664.69,196.23,710.2,278.95,686.47,598.42,639.83,404.19,619.34,280.54,537.43,260.1,823.04,398.21,YBR082C,"Ubiquitin-conjugating enzyme (E2); key E2 partner with Ubc1p for the anaphase-promoting complex (APC); mediates degradation of abnormal or excess proteins, including calmodulin and histone H3; regulates levels of DNA Polymerase-{alpha} to promote efficient and accurate DNA replication; interacts with many SCF ubiquitin protein ligases; component of the cellular stress response; UBC4 has a paralog, UBC5, that arose from the whole genome duplication",Ubiquitin-conjugating enzyme (E2); key E...,False,False,blue
PHO3,222.92,1498.92,138.85,648.97,276.82,254.22,245.55,802.39,277.24,1673.06,277.81,1480.82,151.03,287.72,YBR092C,"Constitutively expressed acid phosphatase similar to Pho5p; brought to the cell surface by transport vesicles; hydrolyzes thiamin phosphates in the periplasmic space, increasing cellular thiamin uptake; expression is repressed by thiamin",Constitutively expressed acid phosphatas...,True,True,blue
PHO88,1010.5,4128.44,803.18,2729.51,882.71,818.15,1044.79,2666.4,866.15,3446.79,788.49,3092.11,761.05,2446.76,YBR106W,Probable membrane protein; involved in phosphate transport; role in the maturation of secretory proteins; pho88 pho86 double null mutant exhibits enhanced synthesis of repressible acid phosphatase at high inorganic phosphate concentrations,Probable membrane protein; involved in p...,True,False,blue
MUD1,21.88,4.27,28.45,14.37,16.25,16.77,18.33,8.79,16.76,6.8,20.62,11.68,24.16,10.29,YBR119W,U1 snRNP A protein; homolog of human U1-A; involved in nuclear mRNA splicing,U1 snRNP A protein; homolog of human U1-...,False,True,blue
CCZ1,7.95,3.3,10.66,5.44,6.1,6.06,7.13,5.75,6.05,5.39,8.07,7.73,7.93,5.64,YBR131W,Protein involved in vacuolar assembly; essential for autophagy and the cytoplasm-to-vacuole pathway,Protein involved in vacuolar assembly; e...,False,False,blue
ADH5,21.58,6.55,92.77,39.7,18.24,18.28,21.22,13.23,18.48,10.74,20.33,10.03,42.78,23.84,YBR145W,"Alcohol dehydrogenase isoenzyme V; involved in ethanol production; ADH5 has a paralog, ADH1, that arose from the whole genome duplication",Alcohol dehydrogenase isoenzyme V; invol...,False,True,blue
ICS2,35.29,10.76,71.99,32.87,16.36,17.24,20.89,13.42,14.17,5,27.75,13.99,25.33,10.3,YBR157C,"Protein of unknown function; null mutation does not confer any obvious defects in growth, spore germination, viability, or carbohydrate utilization",Protein of unknown function; null mutati...,False,False,blue
PEX32,8.52,17.49,14.73,27.8,7.21,6.37,8.02,14.58,7.48,18.64,8.2,15.67,10.27,18.61,YBR168W,Peroxisomal integral membrane protein; involved in negative regulation of peroxisome size; partially functionally redundant with Pex31p; genetic interactions suggest action at a step downstream of steps mediated by Pex28p and Pex29p,Peroxisomal integral membrane protein; i...,True,True,blue
SMP1,4.21,1.43,6.78,2.39,3.32,3.48,3.3,1.86,3.49,1.86,4.72,2.33,6.41,2.87,YBR182C,"Putative transcription factor of the MADS-box family; involved in regulating the response to osmotic stress; SMP1 has a paralog, RLM1, that arose from the whole genome duplication",Putative transcription factor of the MAD...,False,False,blue
AIM4,19.87,4.28,31.82,13.59,14.14,16.35,19.58,10.41,18.94,8.28,20.05,11.67,26.2,10.49,YBR194W,"Protein proposed to be associated with the nuclear pore complex; null mutant is viable, displays elevated frequency of mitochondrial genome loss and is sensitive to freeze-thaw stress",Protein proposed to be associated with t...,False,True,blue
MCM7,36.74,10.07,38.94,13.89,34.42,31.79,35.32,25.13,34.27,13.88,37.54,13.75,32.52,16.14,YBR202W,Component of the Mcm2-7 hexameric helicase complex; MCM2-7 primes origins of DNA replication in G1 and becomes an active ATP-dependent helicase that promotes DNA melting and elongation in S-phase; forms an Mcm4p-6p-7p subcomplex,Component of the Mcm2-7 hexameric helica...,False,False,blue
YBP1,22.33,8.71,30.33,14.45,18.73,18.19,23.04,16.97,19.66,13.39,22.68,13.2,28.96,16.44,YBR216C,"Protein involved in cellular response to oxidative stress; required for oxidation of specific cysteine residues of transcription factor Yap1p, resulting in nuclear localization of Yap1p in response to stress; YBP1 has a paralog, YBP2, that arose from the whole genome duplication",Protein involved in cellular response to...,False,True,blue
ROT2,41.08,259.52,40.56,234.45,41.49,36.64,43.95,147.43,39.4,313.26,42.26,253.71,29.96,115.12,YBR229C,"Glucosidase II catalytic subunit; required for normal cell wall synthesis; mutations in rot2 suppress tor2 mutations, and are synthetically lethal with rot1 mutations",Glucosidase II catalytic subunit; requir...,True,False,blue
THI2,1.89,1.16,3.12,2.93,1.5,1.24,1.89,2.1,1.25,2.52,1.47,2.9,2.2,2.62,YBR240C,"Transcriptional activator of thiamine biosynthetic genes; interacts with regulatory factor Thi3p to control expression of thiamine biosynthetic genes with respect to thiamine availability; acts together with Pdc2p to respond to thiaminediphosphate demand, possibly as related to carbon source availability; zinc finger protein of the Zn(II)2Cys6 type",Transcriptional activator of thiamine bi...,False,True,blue
DUT1,170.76,60.21,182.67,76.26,160.33,176.86,147.17,85.89,166.56,70.89,172.72,99.74,136.04,63.61,YBR252W,"deoxyuridine triphosphate diphosphatase (dUTPase); catalyzes hydrolysis of dUTP to dUMP and PPi, thereby preventing incorporation of uracil into DNA during replication; critical for the maintenance of genetic stability; also has diphosphatase activity on deoxyinosine triphosphate",deoxyuridine triphosphate diphosphatase ...,False,False,blue
SHM1,212.23,80.46,135.21,54.14,256.47,238.65,236.07,174.9,263.16,125.58,243.29,100.74,175.79,115.1,YBR263W,"Mitochondrial serine hydroxymethyltransferase; converts serine to glycine plus 5,10 methylenetetrahydrofolate; involved in generating precursors for purine, pyrimidine, amino acid, and lipid biosynthesis; reverse reaction generates serine",Mitochondrial serine hydroxymethyltransf...,False,True,blue
PPS1,7.88,3.49,11.12,5.34,6.58,5.97,8.05,6,6.63,4.8,7.94,4.32,11.72,7.19,YBR276C,"Protein phosphatase; has specificity for serine, threonine, and tyrosine residues; has a role in the DNA synthesis phase of the cell cycle",Protein phosphatase; has specificity for...,False,False,blue
SNF5,21.35,6.04,26.97,10.33,19.75,18.89,21.31,13.87,18.92,8.41,20.87,9.91,24.01,13.92,YBR289W,Subunit of the SWI/SNF chromatin remodeling complex; involved in transcriptional regulation; functions interdependently in transcriptional activation with Snf2p and Snf6p; relocates to the cytosol under hypoxic conditions,Subunit of the SWI/SNF chromatin remodel...,False,True,blue
PAU24,0.44,0,0.07,0.07,0.16,0.12,0.26,0,0,0.23,0.06,0,0.26,0,YBR301W,"Cell wall mannoprotein; has similarity to Tir1p, Tir2p, Tir3p, and Tir4p; member of the seripauperin multigene family encoded mainly in subtelomeric regions; expressed under anaerobic conditions, completely repressed during aerobic growth",Cell wall mannoprotein; has similarity t...,True,False,blue
YCL002C,12.48,29.33,15.34,33.74,11.39,7.64,9.24,21.01,8.33,26.72,10.98,22.25,10.56,21.77,YCL002C,Putative protein of unknown function; YCL002C is not an essential gene,Putative protein of unknown function; YC...,True,True,blue
LEU2,0.39,4.65,10.87,3.54,395.85,415.45,0,0,0,0,4.19,1.36,0,0,YCL018W,Beta-isopropylmalate dehydrogenase (IMDH); catalyzes the third step in the leucine biosynthesis pathway; can additionally catalyze the conversion of &#946;-ethylmalate into &#945;-ketovalerate,Beta-isopropylmalate dehydrogenase (IMDH...,False,False,blue
MXR2,62.47,25.87,65.85,32.68,61.57,72.37,62.26,40.82,66.29,25.34,61.19,29.83,75.5,39.68,YCL033C,Methionine-R-sulfoxide reductase; involved in the response to oxidative stress; protects iron-sulfur clusters from oxidative inactivation along with MXR1; involved in the regulation of lifespan,Methionine-R-sulfoxide reductase; involv...,False,True,blue
POF1,27.1,10.89,33.39,13.53,23.29,20.39,23.24,15.31,19.78,11,24.96,11.88,31.26,17.32,YCL047C,ATPase involved in protein quality control and filamentation pathways; interacts physically with Kss1p and suppresses the filamentation defect of a kss1 deletion; also interacts with Ubc7p,ATPase involved in protein quality contr...,False,False,blue
ADF1,30.39,8.04,25.87,12.92,23.43,27.51,40.66,26.01,42.36,15.45,32.44,21.57,14.39,10.6,YCL058W-A,Transcriptional repressor encoded by the FYV5 antisense strand; negatively regulates transcription of FYV5 by binding to the promoter on the sense strand,Transcriptional repressor encoded by the...,False,True,blue
ADP1,50.73,260.24,66.67,383.85,44.58,40.62,48.4,148.1,40.91,221.51,45.65,244.07,59.58,236.18,YCR011C,Putative ATP-dependent permease of the ABC transporter family,Putative ATP-dependent permease of the A...,True,False,blue
YCR023C,12.58,32.06,17.83,48.95,11.67,8.67,12.33,26,10.94,35.24,14.12,32.24,14.73,29.09,YCR023C,Vacuolar membrane protein of unknown function; member of the multidrug resistance family; YCR023C is not an essential gene,Vacuolar membrane protein of unknown fun...,True,True,blue
FEN1,259.2,1515.55,232.38,1121.49,292.64,252.11,243.99,719.41,234.16,1212.47,287.25,800.54,246.23,850.96,YCR034W,"Fatty acid elongase, involved in sphingolipid biosynthesis; acts on fatty acids of up to 24 carbons in length; mutations have regulatory effects on 1,3-beta-glucan synthase, vacuolar ATPase, and the secretory pathway; FEN1 has a paralog, ELO1, that arose from the whole genome duplication","Fatty acid elongase, involved in sphingo...",True,False,blue
BUD23,32.81,11.66,20.68,10.8,37.2,37.19,37.39,33.3,51.69,22,39.85,20.99,22.23,17.2,YCR047C,Methyltransferase; methylates residue G1575 of 18S rRNA; required for rRNA processing and nuclear export of 40S ribosomal subunits independently of methylation activity; diploid mutant displays random budding pattern,Methyltransferase; methylates residue G1...,False,True,blue
HCM1,47.43,14.13,69.42,24.75,38.67,44.62,36.76,22.39,34.2,15.87,44.61,22.52,50.33,20.83,YCR065W,"Forkhead transcription factor; drives S-phase specific expression of genes involved in chromosome segregation, spindle dynamics, and budding; suppressor of calmodulin mutants with specific SPB assembly defects; telomere maintenance role",Forkhead transcription factor; drives S-...,False,False,blue
PAT1,76.81,20.66,73.36,26.97,78.94,81.79,76.11,51.23,76.89,25.7,75.31,25.88,79.33,38.68,YCR077C,"Deadenylation-dependent mRNA-decapping factor; also required for faithful chromosome transmission, maintenance of rDNA locus stability, and protection of mRNA 3'-UTRs from trimming; associated with topoisomerase II; functionally linked to Pab1p; forms cytoplasmic foci upon DNA replication stress; phosphorylation by PKA inhibits P body foci formation",Deadenylation-dependent mRNA-decapping f...,False,True,blue
MSH3,11.88,2.11,13.22,4.47,9.76,9.6,11.53,6.71,11.39,4.66,10.52,4.02,13.78,6.32,YCR092C,"Mismatch repair protein; forms dimers with Msh2p that mediate repair of insertion or deletion mutations and removal of nonhomologous DNA ends, contains a PCNA (Pol30p) binding motif required for genome stability",Mismatch repair protein; forms dimers wi...,False,False,blue
PAU3,0,0.13,0,0,0,0.23,0,0.15,0,0,0,0,0,0,YCR104W,Member of the seripauperin multigene family; encoded mainly in subtelomeric region; active during alcoholic fermentation; regulated by anaerobiosis; negatively regulated by oxygen; repressed by heme,Member of the seripauperin multigene fam...,True,True,blue
RPT2,186.7,46.19,189.71,90.05,160.87,154.23,209.15,147.68,201.63,93.79,152.93,83.2,244.76,136.52,YDL007W,ATPase of the 19S regulatory particle of the 26S proteasome; one of six ATPases of the regulatory particle; involved in the degradation of ubiquitinated substrates; required for normal peptide hydrolysis by the core 20S particle; N-myristoylation of Rpt2p at Gly2 is involved in regulating the proper intracellular distribution of proteasome activity by controlling the nuclear localization of the 26S proteasome,ATPase of the 19S regulatory particle of...,False,False,blue
RPN4,46.39,8.63,66.96,23.52,41.36,45.52,47.73,31.17,35.81,17.82,38.97,19,60.43,29.45,YDL020C,Transcription factor that stimulates expression of proteasome genes; Rpn4p levels are in turn regulated by the 26S proteasome in a negative feedback control mechanism; RPN4 is transcriptionally regulated by various stress responses; relative distribution to the nucleus increases upon DNA replication stress,Transcription factor that stimulates exp...,False,True,blue
GPR1,10.76,39.96,16.24,47.93,11.3,10.73,12.47,34.32,11.79,52.27,12.58,41.82,12.64,39.08,YDL035C,"Plasma membrane G protein coupled receptor (GPCR); interacts with the heterotrimeric G protein alpha subunit, Gpa2p, and with Plc1p; sensor that integrates nutritional signals with the modulation of cell fate via PKA and cAMP synthesis",Plasma membrane G protein coupled recept...,True,False,blue
STP4,5.15,1.53,7.07,2.91,2.61,3.02,2.7,1.74,2.98,1.23,4.43,2.27,3.43,1.22,YDL048C,"Protein containing a Kruppel-type zinc-finger domain; similar to Stp1p, Stp2p; predicted transcription factor; relative distribution to the nucleus increases upon DNA replication stress; STP4 has a paralog, STP3, that arose from the whole genome duplication",Protein containing a Kruppel-type zinc-f...,False,True,blue
RPS29B,3126.19,1275.01,2206.04,1409.9,3039.19,3021.47,2567.8,1628.11,2992.24,1422.19,2713.46,2105.44,2210.71,1222.16,YDL061C,"Protein component of the small (40S) ribosomal subunit; homologous to mammalian ribosomal protein S29 and bacterial S14; RPS29B has a paralog, RPS29A, that arose from the whole genome duplication",Protein component of the small (40S) rib...,False,False,blue
RXT3,37.41,12.52,62.67,25.17,30.14,29.58,32.85,22.78,28.26,12.78,37.35,19.79,38.7,23.06,YDL076C,Component of the Rpd3L histone deacetylase complex; involved in histone deacetylation; protein abundance increases in response to DNA replication stress,Component of the Rpd3L histone deacetyla...,False,True,blue
LUC7,18.59,4.61,28.9,15.39,13.48,14.65,14.53,7.76,14.88,6.52,14.43,9.45,20.02,9.15,YDL087C,Essential protein associated with the U1 snRNP complex; splicing factor involved in recognition of 5' splice site; contains two zinc finger motifs; N-terminal zinc finger binds pre-mRNA; relocalizes to the cytosol in response to hypoxia,Essential protein associated with the U1...,False,False,blue
DUN1,24.52,5.76,28.82,9.62,19.5,22.41,22.65,13.83,19.92,10.08,22.04,11.12,28.07,13.29,YDL101C,"Cell-cycle checkpoint serine-threonine kinase; required for DNA damage-induced transcription of certain target genes, phosphorylation of Rad55p and Sml1p, and transient G2/M arrest after DNA damage; Mec1p and Dun1p function in same pathway to regulate both dNTP pools and telomere length; also regulates postreplicative DNA repair",Cell-cycle checkpoint serine-threonine k...,False,True,blue
ATG20,13.89,3.84,21.8,6.88,10.34,10.98,12.72,8.77,12.7,5.09,12.56,4.97,18.77,8.64,YDL113C,Sorting nexin family member; required for the cytoplasm-to-vacuole targeting (Cvt) pathway and for endosomal sorting; has a Phox homology domain that binds phosphatidylinositol-3-phosphate; interacts with Snx4p; potential Cdc28p substrate,Sorting nexin family member; required fo...,False,False,blue
CDC48,576.23,157.58,695.9,242.93,547.68,573.77,644.53,437.57,642.69,237.78,559.68,209.09,761.79,362.26,YDL126C,"AAA ATPase; subunit of polyubiquitin-selective segregase complex involved in ERAD, cell wall integrity during heat stress, mitotic spindle disassembly; subunit of complex involved in mitochondria-associated degradation; role in mobilizing membrane bound transcription factors by regulated ubiquitin/proteasome-dependent processing, in macroautophagy, PMN, RAD, ribophagy, homotypic ER membrane fusion, disassembly of Met30p from SCF complex, functional ortholog of human p97/VCP",AAA ATPase; subunit of polyubiquitin-sel...,False,True,blue
RPL35B,424.37,122.73,337.74,210.3,360.92,394.6,465.79,283.82,373.38,218.85,365.77,278.57,377.87,172.38,YDL136W,"Ribosomal 60S subunit protein L35B; homologous to mammalian ribosomal protein L35 and bacterial L29; RPL35B has a paralog, RPL35A, that arose from the whole genome duplication",Ribosomal 60S subunit protein L35B; homo...,False,False,blue
NOP14,33.09,7.18,15.42,6.67,35.32,34.66,45.93,28.08,46.32,18.15,42.72,15.2,24.08,11.76,YDL148C,"Nucleolar protein; forms a complex with Noc4p that mediates maturation and nuclear export of 40S ribosomal subunits; also present in the small subunit processome complex, which is required for processing of pre-18S rRNA",Nucleolar protein; forms a complex with ...,False,True,blue
ENT1,54.61,13.61,74.49,27.04,50.84,54.34,54.99,37.12,56.55,20.85,55.35,23.36,70.99,28.54,YDL161W,"Epsin-like protein involved in endocytosis and actin patch assembly; functionally redundant with Ent2p; binds clathrin via a clathrin-binding domain motif at C-terminus; relocalizes from bud neck to cytoplasm upon DNA replication stress; ENT1 has a paralog, ENT2, that arose from the whole genome duplication",Epsin-like protein involved in endocytos...,False,False,blue
YDL176W,9.18,2.73,12.14,5.8,6.83,6.21,8.18,6.29,7.36,4.17,9.58,4.77,10.11,5.37,YDL176W,"Protein of unknown function; predicted by computational methods to be involved in fructose-1,6-bisphosphatase (Fbp1p) degradation; interacts with components of the GID complex; YDL176W is not an essential gene",Protein of unknown function; predicted b...,False,True,blue
RBS1,28.7,6.86,34.74,14.68,27.83,27.97,28.12,16.21,27.55,12.33,27.75,12.99,32.64,12.92,YDL189W,Protein of unknown function; identified as a high copy suppressor of psk1 psk2 mutations that confer temperature-sensitivity for galactose utilization; proposed to bind single-stranded nucleic acids via its R3H domain,Protein of unknown function; identified ...,False,False,blue
MRPL11,47.28,20.68,54.37,29.71,37.2,37.41,42.9,34.57,45.94,22.79,46.61,26.95,45.46,27.77,YDL202W,Mitochondrial ribosomal protein of the large subunit; localizes to vacuole in response to H2O2,Mitochondrial ribosomal protein of the l...,False,True,blue
PRR2,0.32,0.25,1.57,0.51,0.3,0.25,0.22,0.14,0.36,0.08,0.34,0.36,0.73,0.05,YDL214C,"Serine/threonine protein kinase; inhibits pheromone induced signalling downstream of MAPK, possibly at the level of the Ste12p transcription factor; mutant has increased aneuploidy tolerance; PRR2 has a paralog, NPR1, that arose from the whole genome duplication",Serine/threonine protein kinase; inhibit...,False,False,blue
HO,74.35,24.12,87.35,36.17,67.23,68.53,71.91,50.57,68.06,29.48,79.47,33.2,86.23,44.28,YDL227C,"Site-specific endonuclease; required for gene conversion at the MAT locus (homothallic switching) through the generation of a ds DNA break; expression restricted to mother cells in late G1 as controlled by Swi4p-Swi6p, Swi5p, and Ash1p",Site-specific endonuclease; required for...,False,True,blue
LRG1,12.69,3.58,19.51,8.29,11.86,10.9,12.34,8.81,11.08,5.64,12.33,5.35,17.91,9.41,YDL240W,"GTPase-activating protein (GAP); contains Rho1p-specific GAP activity, interacting with activated forms of Rho1p; functions along with Sac7p as a negative regulator of the Pkc1p-mediated cell wall integrity signaling pathway; negative regulator of cell wall 1,3-beta-glucan biosynthesis; required for efficient cell fusion; contains a RhoGAP domain and three Lin-11-Isl1-Mec-3 (LIM) domains",GTPase-activating protein (GAP); contain...,False,False,blue
MAF1,18.96,5.91,26.3,11.79,17.09,16.13,17.6,12.08,14.67,6.15,20.95,11.55,22.38,9.46,YDR005C,"Highly conserved negative regulator of RNA polymerase III; involved in tRNA processing and stability; inhibits tRNA degradation via rapid tRNA decay (RTD) pathway; binds N-terminal domain of Rpc160p subunit of Pol III to prevent closed-complex formation; localization and activity are regulated by phosphorylation, mediated by TORC1, protein kinase A, and Sch9p; localizes to cytoplasm during vegetative growth and translocates to nucleus and nucleolus under stress conditions",Highly conserved negative regulator of R...,False,True,blue
GCV1,54.43,15.35,94,35.47,21.56,22.52,26.09,20.11,23.55,10.9,34.37,16.79,43.17,23.36,YDR019C,"T subunit of the mitochondrial glycine decarboxylase complex; glycine decarboxylase is required for the catabolism of glycine to 5,10-methylene-THF; expression is regulated by levels of levels of 5,10-methylene-THF in the cytoplasm",T subunit of the mitochondrial glycine d...,False,False,blue
MRH1,784.35,4660.92,777.07,3542.32,744.07,606.73,954.01,2743.95,716.29,2801.09,920.02,2138.4,564.43,1677.63,YDR033W,"Protein that localizes primarily to the plasma membrane; also found at the nuclear envelope; the authentic, non-tagged protein is detected in mitochondria in a phosphorylated state; MRH1 has a paralog, YRO2, that arose from the whole genome duplication",Protein that localizes primarily to the ...,True,True,blue
NRG1,55.37,19.56,118.15,54.52,29.24,27.74,27.52,19.12,21.72,12.1,54.57,37.23,73.14,29.25,YDR043C,"Transcriptional repressor; recruits the Cyc8p-Tup1p complex to promoters; mediates glucose repression and negatively regulates a variety of processes including filamentous growth and alkaline pH response; NRG1 has a paralog, NRG2, that arose from the whole genome duplication",Transcriptional repressor; recruits the ...,False,False,blue
YOS9,19.14,82.83,26.68,108.32,18.49,17.36,21.11,65.98,20.3,123.4,20.42,118.26,22.32,73.26,YDR057W,"ER quality-control lectin; integral subunit of the HRD ligase; participates in efficient ER retention of misfolded proteins by recognizing them and delivering them to Hrd1p; binds to glycans with terminal alpha-1,6 linked mannose on misfolded N-glycosylated proteins and participates in targeting proteins to ERAD; member of the OS-9 protein family",ER quality-control lectin; integral subu...,True,True,blue
DOA4,9.24,3.1,15.11,5.5,8.63,7.5,9.43,6.29,6.92,3.9,8.78,3.79,12.79,5.65,YDR069C,"Ubiquitin hydrolase that deubiquitinates ILV cargo proteins; required for recycling ubiquitin from proteasome-bound ubiquitinated intermediates, acts at the late endosome/prevacuolar compartment to recover ubiquitin from ubiquitinated membrane proteins en route to the vacuole; DOA4 has a paralog, UBP5, that arose from the whole genome duplication",Ubiquitin hydrolase that deubiquitinates...,False,False,blue
VPS41,13.26,3.24,17.52,6.11,12.11,11.51,13.48,8.54,11.56,6.22,13.55,9.2,15.86,8.53,YDR080W,Vacuolar membrane protein that is a subunit of the HOPS complex; essential for membrane docking and fusion at the Golgi-to-endosome and endosome-to-vacuole stages of protein transport; the homotypic vacuole fusion and vacuole protein sorting complex is also known as the HOPS complex,Vacuolar membrane protein that is a subu...,False,True,blue
UBC13,143.77,44.06,184.23,83.97,127.34,135.91,134.85,86.34,112.28,63.39,124.63,72.71,150.91,66.14,YDR092W,E2 ubiquitin-conjugating enzyme; involved in the error-free DNA postreplication repair pathway; interacts with Mms2p to assemble ubiquitin chains at the Ub Lys-63 residue; DNA damage triggers redistribution from the cytoplasm to the nucleus,E2 ubiquitin-conjugating enzyme; involve...,False,False,blue
TMN2,28.15,175.13,40.14,247.65,23.8,21.8,26.09,91.47,21.58,145.12,25.08,126.05,30.82,138.48,YDR107C,"Protein with a role in cellular adhesion and filamentous growth; similar to Tmn3p; member of the evolutionarily conserved Transmembrane Nine family of proteins with nine membrane-spanning segments; TMN2 has a paralog, EMP70, that arose from the whole genome duplication",Protein with a role in cellular adhesion...,True,True,blue
COX26,6.38,3.09,28.51,14.59,2.59,3.38,3,1.7,1.05,1.73,2.41,1.89,8.01,3.73,YDR119W-A,Putative protein of unknown function; copurifies with respiratory chain supercomplexes composed of Complex III (ubiquinol-cytochrome c reductase) and Complex IV (cytochrome c oxidase),Putative protein of unknown function; co...,True,False,blue
YDR131C,7.71,3.04,12.33,6.23,5.53,4.62,7.15,4.35,6.04,3.45,8.4,3.67,9.97,6.93,YDR131C,F-box protein subunit of SCF ubiquitin ligase complex; substrate-specific adaptor subunit that recruits substrates to a core ubiquitination complex,F-box protein subunit of SCF ubiquitin l...,False,True,blue
SWI5,42.72,10.92,66.6,23.79,32.58,36.18,37.68,21.98,31.42,14.73,43.9,21.99,45.74,17.36,YDR146C,"Transcription factor that recruits Mediator and Swi/Snf complexes; activates transcription of genes expressed at the M/G1 phase boundary and in G1 phase; required for expression of the HO gene controlling mating type switching; localization to nucleus occurs during G1 and appears to be regulated by phosphorylation by Cdc28p kinase; SWI5 has a paralog, ACE2, that arose from the whole genome duplication",Transcription factor that recruits Media...,False,False,blue
YDR161W,51.73,16.47,34.84,13.34,56.64,62.51,67.71,43.72,66.18,30.05,65.2,26.83,37.35,18.04,YDR161W,Putative protein of unknown function; non-essential gene; proposed function in rRNA and ribosome biosynthesis based on transcriptional co-regulation; genetic interactions suggest a role in ER-associated protein degradation (ERAD),Putative protein of unknown function; no...,False,True,blue
SUP35,235.65,53.46,200.35,62.73,238.82,250.96,265.4,159.9,275.87,96.68,274.8,100.86,220.84,97.04,YDR172W,Translation termination factor eRF3; has a role in mRNA deadenylation and decay; altered protein conformation creates the [PSI(+)] prion that alters translational fidelity and results in a nonsense suppressor phenotype,Translation termination factor eRF3; has...,False,False,blue
YDR182W-A,0.5,1.39,1.64,1.36,0.56,0.13,0,1.19,0.74,3.63,0.74,1.84,1.17,1.29,YDR182W-A,Putative protein of unknown function; identified by fungal homology and RT-PCR,Putative protein of unknown function; id...,True,True,blue
REF2,22.05,5.36,20.06,8.99,19.77,20.69,19.62,11.49,17.06,7.85,20.59,9.06,18.92,9.24,YDR195W,"RNA-binding protein; involved in the cleavage step of mRNA 3'-end formation prior to polyadenylation, and in snoRNA maturation; part of holo-CPF subcomplex APT, which associates with 3'-ends of snoRNA- and mRNA-encoding genes; relocalizes to the cytosol in response to hypoxia",RNA-binding protein; involved in the cle...,False,False,blue
YDR210W,291.86,117.16,374.91,187.44,232.63,245.98,233.23,136.53,222.2,106.53,253.41,170.21,326.27,166.99,YDR210W,Predicted tail-anchored plasma membrane protein; contains a conserved CYSTM module; related proteins in other organisms may be involved in response to stress; green fluorescent protein (GFP)-fusion protein localizes to the cell periphery,Predicted tail-anchored plasma membrane ...,False,True,blue
HTB1,1767.74,586.36,1770.07,851.01,1376.81,1584.52,1378.08,837.7,1322.61,606.07,1673.73,1067.05,1323.57,634.9,YDR224C,"Histone H2B; core histone protein required for chromatin assembly and chromosome function; nearly identical to HTB2; Rad6p-Bre1p-Lge1p mediated ubiquitination regulates reassembly after DNA replication, transcriptional activation, meiotic DSB formation and H3 methylation",Histone H2B; core histone protein requir...,False,False,blue
MRPL7,41.65,11.08,52.44,20.68,35.22,36.9,42.42,25.81,36.49,18.42,40.91,18.79,39.95,18.61,YDR237W,"Mitochondrial ribosomal protein of the large subunit; MRPL7 produces both YmL5 and YmL7, which are two different modified forms of the same protein",Mitochondrial ribosomal protein of the l...,False,True,blue
YDR249C,4.93,1.36,9.11,4.25,4.35,3.62,4.66,3.04,5.07,2.4,5.17,3.29,6.69,2.71,YDR249C,Putative protein of unknown function,Putative protein of unknown function,False,False,blue
YDR262W,58.06,207.66,84.51,335.27,45.95,45.74,43.94,124.09,45.8,265.15,58.74,352.11,58.11,214.52,YDR262W,Putative protein of unknown function; green fluorescent protein (GFP)-fusion protein localizes to the vacuole and is induced in response to the DNA-damaging agent MMS; gene expression increases in response to Zymoliase treatment,Putative protein of unknown function; gr...,True,True,blue
MTH1,4.85,0.86,9.53,2.9,4.24,5.08,3.34,2.49,3.9,2,5.24,2.79,5.21,3.05,YDR277C,"Negative regulator of the glucose-sensing signal transduction pathway; required for repression of transcription by Rgt1p; interacts with Rgt1p and the Snf3p and Rgt2p glucose sensors; phosphorylated by Yck1p, triggering Mth1p degradation; MTH1 has a paralog, STD1, that arose from the whole genome duplication",Negative regulator of the glucose-sensin...,False,False,blue
HRQ1,6.14,1.35,9.24,3.15,5.44,5.61,7.6,5.67,7.15,4.09,6.86,3.94,8.07,5.1,YDR291W,3'-5' DNA helicase that has DNA strand annealing activity; helicase activity is stimulated by fork structure and 3'-tail length of substrates; belongs to the widely conserved RecQ family of proteins which are involved in maintaining genomic integrity; similar to the human RecQ4p implicated in Rothmund-Thomson syndrome (RTS),3'-5' DNA helicase that has DNA strand a...,False,True,blue
RSC3,35.34,8.13,40.44,14.07,31.95,28.32,33.01,22.69,28.41,19.34,34.24,18.67,39.7,25.69,YDR303C,"Component of the RSC chromatin remodeling complex; essential gene required for maintenance of proper ploidy and regulation of ribosomal protein genes and the cell wall/stress response; RSC3 has a paralog, RSC30, that arose from the whole genome duplication",Component of the RSC chromatin remodelin...,False,False,blue
IPK1,7.71,3.97,17.75,8.8,7.61,7.81,8.68,7.08,6.84,4.53,8.04,3.77,15.06,7.54,YDR315C,"Inositol 1,3,4,5,6-pentakisphosphate 2-kinase; nuclear protein required for synthesis of 1,2,3,4,5,6-hexakisphosphate (phytate), which is integral to cell function; has 2 motifs conserved in other fungi; ipk1 gle1 double mutant is inviable","Inositol 1,3,4,5,6-pentakisphosphate 2-k...",False,True,blue
YCG1,13.23,3.11,15.2,6.43,10.38,10.24,13.3,9.29,10.15,4.79,13.18,4.58,15.41,8.49,YDR325W,"Subunit of the condensin complex; required for establishment and maintenance of chromosome condensation, chromosome segregation and chromatin binding of the condensin complex; required for clustering of tRNA genes at the nucleolus; required for replication slow zone (RSZ) breakage following Mec1p inactivation",Subunit of the condensin complex; requir...,False,False,blue
YDR338C,10.24,21.53,12.61,22.39,8.58,7.86,8.43,13.03,8.85,14.84,9.35,10.66,11.19,14.41,YDR338C,Putative protein of unknown function; member of the multi-drug and toxin extrusion (MATE) family of the multidrug/oligosaccharidyl-lipid/polysaccharide (MOP) exporter superfamily,Putative protein of unknown function; me...,True,True,blue
YPQ2,32.6,98.38,48.96,88.37,27.92,28.27,28.9,59.02,22.84,94.87,34.94,86.24,36.87,85.22,YDR352W,"Putative vacuolar membrane transporter for cationic amino acids; likely contributes to amino acid homeostasis by exporting cationic amino acids from the vacuole; member of the PQ-loop family, with seven transmembrane domains; mutant phenotype is functionally complemented by rat PQLC2 vacuolar transporter",Putative vacuolar membrane transporter f...,True,False,blue
ESF1,37.05,5.78,17.82,6.12,41.58,42.55,48.75,27.46,56.67,18.22,49.41,16.89,24.75,11.23,YDR365C,Nucleolar protein involved in pre-rRNA processing; depletion causes severely decreased 18S rRNA levels,Nucleolar protein involved in pre-rRNA p...,False,True,blue
ARH1,24.58,6.9,30.86,13.92,19.66,17.74,22.31,15.94,21.5,11.96,22.32,9.63,29.55,19.7,YDR376W,Oxidoreductase of the mitochondrial inner membrane; involved in cytoplasmic and mitochondrial iron homeostasis and required for activity of Fe-S cluster-containing enzymes; one of the few mitochondrial proteins essential for viability,Oxidoreductase of the mitochondrial inne...,False,False,blue
MUS81,8.69,2.21,13.5,4.41,6.32,6,7.59,4.31,5.76,3.29,9.12,3.9,11.57,5.94,YDR386W,"Subunit of structure-specific Mms4p-Mus81p endonuclease; cleaves branched DNA; involved in DNA repair, replication fork stability, and joint molecule formation/resolution during meiotic recombination; promotes template switching during break-induced replication (BIR), causing non-reciprocal translocations (NRTs); helix-hairpin-helix protein; phosphorylation of non-catalytic subunit Mms4p by Cdc28p and Cdcp during mitotic cell cycle activates function of Mms4p-Mus81p",Subunit of structure-specific Mms4p-Mus8...,False,True,blue
HPT1,84.46,26.98,52.28,25.07,74.82,69.02,96.33,59.67,95.15,43.61,112.19,68.08,39.61,22.72,YDR399W,Dimeric hypoxanthine-guanine phosphoribosyltransferase; catalyzes the transfer of the phosphoribosyl portion of 5-phosphoribosyl-alpha-1-pyrophosphate to a purine base (either guanine or hypoxanthine) to form pyrophosphate and a purine nucleotide (either guanosine monophosphate or inosine monophosphate); mutations in the human homolog HPRT1 can cause Lesch-Nyhan syndrome and Kelley-Seegmiller syndrome,Dimeric hypoxanthine-guanine phosphoribo...,False,False,blue
RRP17,46.67,12.14,40.17,18.11,45.93,49.91,57.19,33.7,57.34,23.74,54.41,27.82,41.59,17.11,YDR412W,Component of the pre-60S pre-ribosomal particle; required for cell viability under standard (aerobic) conditions but not under anaerobic conditions; exonuclease required for 5&#8242; end processing of pre-60S ribosomal RNA,Component of the pre-60S pre-ribosomal p...,False,True,green
RPN9,168.38,39.81,217.57,79.74,137.76,135.86,156.19,99.39,119.1,58.32,149.7,60.1,207.42,86.22,YDR427W,Non-ATPase regulatory subunit of the 26S proteasome; similar to putative proteasomal subunits in other species; null mutant is temperature sensitive and exhibits cell cycle and proteasome assembly defects; protein abundance increases in response to DNA replication stress; relocalizes to the cytosol in response to hypoxia,Non-ATPase regulatory subunit of the 26S...,False,False,green
APT2,27.05,9.38,29.72,13.32,23.79,23.44,21.85,15.18,22.08,11.38,26.24,13.5,30.55,13.94,YDR441C,"Potential adenine phosphoribosyltransferase; encodes a protein with similarity to adenine phosphoribosyltransferase, but artificially expressed protein exhibits no enzymatic activity; APT2 has a paralog, APT1, that arose from the whole genome duplication",Potential adenine phosphoribosyltransfer...,False,True,green
NHX1,42.37,216.42,47.18,217.08,40.81,38.47,44.95,114.94,34.86,125.35,42.05,100.27,44.15,108.73,YDR456W,"Na+/H+ and K+/H+ exchanger; required for intracellular sequestration of Na+ and K+; located in the vacuole and late endosome compartments; required for osmotolerance to acute hypertonic shock and for vacuolar fusion; ortholog of human NHE9, which is linked to autism",Na+/H+ and K+/H+ exchanger; required for...,True,False,green
TLG1,47.63,10.8,68.04,29.95,37.33,41.55,47.55,26.86,44.76,18.84,47.66,26.3,60.83,23.98,YDR468C,Essential t-SNARE that mediates fusion of vesicles with the late Golgi; forms a complex with Tlg2p and Vti1p; mediates fusion of endosome-derived vesicles with the late Golgi; binds the docking complex VFT (Vps fifty-three) through interaction with Vps51p,Essential t-SNARE that mediates fusion o...,True,True,green
PHO8,53.6,341.42,83.39,343.61,55.38,49.99,52.67,155.94,57.61,312.26,56.76,255.19,72.39,256.13,YDR481C,"Repressible vacuolar alkaline phosphatase; regulated by levels of Pi and by Pho4p, Pho9p, Pho80p, Pho81p and Pho85p; dephosphorylates phosphotyrosyl peptides; contributes to NAD+ metabolism by producing nicotinamide riboside from NMN",Repressible vacuolar alkaline phosphatas...,True,False,green
RSM28,35.08,9.77,42.94,18.96,29.49,28.58,33.51,20.1,29.06,13.84,32.57,17.2,33.56,15.66,YDR494W,Mitochondrial ribosomal protein of the small subunit; genetic interactions suggest a possible role in promoting translation initiation,Mitochondrial ribosomal protein of the s...,False,True,green
GMC1,9.42,40.9,16.99,44.91,9.19,8.85,8.82,18.02,8.85,41.51,9.8,48.08,15.36,39.64,YDR506C,Protein involved in meiotic progression; mutants are delayed in meiotic nuclear division and are defective in synaptonemal complex assembly; possible membrane-localized protein,Protein involved in meiotic progression;...,False,False,green
FPR2,135.8,292.27,161.56,286.82,101.6,96.04,133.92,224.69,107.15,435.43,117.72,450.81,153.92,502.94,YDR519W,Membrane-bound peptidyl-prolyl cis-trans isomerase (PPIase); binds to the drugs FK506 and rapamycin; expression pattern suggests possible involvement in ER protein trafficking; relocalizes from nucleus to vacuole upon DNA replication stress,Membrane-bound peptidyl-prolyl cis-trans...,True,True,green
CAB1,53.42,17.9,68.84,28.44,50.33,50.87,54.52,34.92,45.4,22.26,50.23,21.36,58.01,30.64,YDR531W,"Pantothenate kinase, ATP:D-pantothenate 4'-phosphotransferase; catalyzes the first committed step in the universal biosynthetic pathway for synthesis of coenzyme A (CoA); transcriptionally regulated by Upc2p via a sterol response element","Pantothenate kinase, ATP:D-pantothenate ...",False,False,green
WBP1,178.23,1237.6,202.73,1524.42,185.23,180.27,178.77,654.64,175.92,1473.32,185.11,1839.14,201.6,1129.58,YEL002C,Beta subunit of the oligosaccharyl transferase glycoprotein complex; required for N-linked glycosylation of proteins in the endoplasmic reticulum,Beta subunit of the oligosaccharyl trans...,True,True,green
GTT3,62.13,101.86,69.81,118.05,56.34,55.77,54.66,63.26,43.49,91.17,48.18,109.71,56.1,99.75,YEL017W,Protein of unknown function may be involved in glutathione metabolism; function suggested by computational analysis of large-scale protein-protein interaction data; GFP-fusion protein localizes to the nuclear periphery,Protein of unknown function may be invol...,True,False,green
VMA3,1690.24,6734.28,1571.03,5602.31,1407.52,1369.25,1520.2,3295.97,1305.66,4311.02,1363.25,4149.71,1228.35,3496.09,YEL027W,Proteolipid subunit c of the V0 domain of vacuolar H(+)-ATPase; dicyclohexylcarbodiimide binding subunit; required for vacuolar acidification and important for copper and iron metal ion homeostasis,Proteolipid subunit c of the V0 domain o...,True,True,green
UTR2,351.99,2229.05,301.54,1467.48,359.06,315.8,343.2,1078.12,354.71,2365.47,352.65,2323.62,347.49,1637.52,YEL040W,Chitin transglycosylase; functions in the transfer of chitin to beta(1-6) and beta(1-3) glucans in the cell wall; similar to and functionally redundant with Crh1; glycosylphosphatidylinositol (GPI)-anchored protein localized to bud neck,Chitin transglycosylase; functions in th...,True,False,green
MAK10,10.33,3.75,11.42,4.89,9.29,8.47,11.1,8.06,9.36,7.69,10.46,7.09,11.33,7.77,YEL053C,Non-catalytic subunit of N-terminal acetyltransferase of the NatC type; required for replication of dsRNA virus; expression is glucose-repressible,Non-catalytic subunit of N-terminal acet...,False,True,green
SIT1,54.39,238.59,78.74,360.29,54.34,44.86,92.04,232.23,31.37,70.93,50.76,74.96,50.43,93.67,YEL065W,Ferrioxamine B transporter; member of the ARN family of transporters that specifically recognize siderophore-iron chelates; transcription is induced during iron deprivation and diauxic shift; potentially phosphorylated by Cdc28p,Ferrioxamine B transporter; member of th...,True,False,green
Y' element ATP-dependent helicase,0.01,0,0.01,0,0.03,0,0,0,0,0,0.01,0.01,0.02,0.03,YEL077C,Helicase-like protein encoded within the telomeric Y' element,Helicase-like protein encoded within the...,False,True,green
YER010C,39.84,14.5,58.35,27.01,41.15,37.37,35.46,27.95,27.57,15.03,37.48,19.7,48.5,26.84,YER010C,Bifunctional HMG aldolase/oxaloacetate decarboxylase; requires divalent metal ions for activity; competitively inhibited by oxalate; forms a ring-shaped homotrimer; similar to members of the prokaryotic RraA family of class II (divalent metal ion dependent) pyruvate aldolases from the meta cleavage pathways of protocatechuate and gallate,Bifunctional HMG aldolase/oxaloacetate d...,False,False,green
GPA2,25.27,20.6,40.06,30.63,20.61,22.1,19.88,19.25,21.33,34.42,18.63,49.12,36.44,48.11,YER020W,"Nucleotide binding alpha subunit of the heterotrimeric G protein; interacts with the receptor Gpr1p, has signaling role in response to nutrients; green fluorescent protein (GFP)-fusion protein localizes to the cell periphery",Nucleotide binding alpha subunit of the ...,False,True,green
FIR1,14.28,3.3,19.27,7.72,14.68,14.68,13.92,8.68,13.81,5.4,13.76,6.56,17.72,8.34,YER032W,Protein involved in 3' mRNA processing; interacts with Ref2p; APCC(Cdh1) substrate; potential Cdc28p substrate,Protein involved in 3' mRNA processing; ...,False,False,green
MXR1,98.3,20.32,67.43,25.4,108.9,123.93,138.54,85.22,112.37,52.26,98.46,43.16,71.32,29.71,YER042W,Methionine-S-sulfoxide reductase; involved in the response to oxidative stress; protects iron-sulfur clusters from oxidative inactivation along with MXR2; involved in the regulation of lifespan; reduced activity of human homolog implicated in Alzheimer disease,Methionine-S-sulfoxide reductase; involv...,False,True,green
HOM3,112.57,35.98,183.02,77.18,115.16,113.69,116.12,73.39,111.86,47.78,114.93,45.37,122.46,66.76,YER052C,Aspartate kinase (L-aspartate 4-P-transferase); cytoplasmic enzyme that catalyzes the first step in the common pathway for methionine and threonine biosynthesis; expression regulated by Gcn4p and the general control of amino acid synthesis,Aspartate kinase (L-aspartate 4-P-transf...,False,False,green
CEM1,9.28,3.07,15.42,5.69,8.26,7.89,10.66,7.24,10.93,5.11,10.43,3.76,11.87,6.89,YER061C,Mitochondrial beta-keto-acyl synthase; possible role in fatty acid synthesis; required for mitochondrial respiration,Mitochondrial beta-keto-acyl synthase; p...,False,True,green
ALD5,98.08,30.31,129.61,56.93,72.09,69.27,93.12,67.76,101.73,47.18,66.46,28.51,105.52,64.73,YER073W,Mitochondrial aldehyde dehydrogenase; involved in regulation or biosynthesis of electron transport chain components and acetate formation; activated by K+; utilizes NADP+ as the preferred coenzyme; constitutively expressed,Mitochondrial aldehyde dehydrogenase; in...,False,False,green
GET2,114.94,110.78,114.45,110.48,109.66,104.7,111.56,110.05,104,233.2,95.72,252.4,100.95,180.93,YER083C,Subunit of the GET complex; involved in insertion of proteins into the ER membrane; required for the retrieval of HDEL proteins from the Golgi to the ER in an ERD2 dependent fashion and for meiotic nuclear division,Subunit of the GET complex; involved in ...,True,True,green
AIM11,17.29,5.4,23.64,15.46,14.57,14.44,14.72,9.91,13.36,21.03,14.78,31.5,19.82,24.72,YER093C-A,"Protein of unknown function; null mutant is viable but shows increased loss of mitochondrial genome and synthetic interaction with prohibitin (phb1); contains an intron; YER093C-A has a paralog, YBL059W, that arose from the whole genome duplication",Protein of unknown function; null mutant...,True,False,green
MAM1,0.93,0.18,0.92,0.33,0.44,0.31,0.64,0.3,0.73,0.61,0.95,0.66,0.43,0.29,YER106W,Monopolin; kinetochore associated protein involved in chromosome attachment to meiotic spindle,Monopolin; kinetochore associated protei...,False,True,green
AVT6,42.55,271.14,68.81,272.49,39.66,36.86,36.45,125.93,35.81,118.61,35.74,86.79,53.37,149.62,YER119C,"Vacuolar aspartate and glutamate exporter; member of a family of seven genes (AVT1-7) related to vesicular GABA-glycine transporters; involved in compartmentalizing acidic amino acids in response to nitrogen starvation; AVT6 has a paralog, AVT5, that arose from the whole genome duplication",Vacuolar aspartate and glutamate exporte...,True,False,green
RPS26B,1060.75,280.21,661.49,318.27,1035.07,1085.07,1099.19,731.17,1178.14,466.53,1015.09,610.95,753.61,392.75,YER131W,"Protein component of the small (40S) ribosomal subunit; homologous to mammalian ribosomal protein S26, no bacterial homolog; RPS26B has a paralog, RPS26A, that arose from the whole genome duplication",Protein component of the small (40S) rib...,False,True,green
UBP5,6.71,1.87,11.99,4.73,6.21,6.53,6.67,3.98,6.47,3.21,6.9,2.44,12.43,7.45,YER144C,"Putative ubiquitin-specific protease; concentrates at the bud neck; UBP5 has a paralog, DOA4, that arose from the whole genome duplication",Putative ubiquitin-specific protease; co...,False,False,green
YER156C,140.47,48.16,101.68,39.64,148.24,154.21,145.7,93.68,156.34,63.54,169.85,74.11,124.55,70.32,YER156C,"Putative protein of unknown function; interacts with Hsp82p and copurifies with Ipl1p; expression is copper responsive and downregulated in strains deleted for MAC1, a copper-responsive transcription factor; similarity to mammalian MYG1",Putative protein of unknown function; in...,False,True,green
RPH1,11.27,2.04,12.9,3.82,10.98,11.03,11.01,6.65,10.28,4.07,12.58,5.29,8.87,4.27,YER169W,"JmjC domain-containing histone demethylase; specifically demethylates H3K36 tri- and dimethyl modification states; associates with actively transcribed (RNAP II) regions in vivo and specifically targets H3K36 in its trimethylation state as its substrate; transcriptional repressor of PHR1; Rph1p phosphorylation during DNA damage is under control of the MEC1-RAD53 pathway; target of stess-induced hormesis; RPH1 has a paralog, GIS1, that arose from the whole genome duplication",JmjC domain-containing histone demethyla...,False,False,green
ISC10,0.31,0,0.32,0.65,0.14,0.05,0.14,0.06,0,0,0.17,0,0.33,0.12,YER180C,"Protein required for sporulation; transcript is induced 7.5 hours after induction of meiosis, expected to play significant role in the formation of reproductive cells",Protein required for sporulation; transc...,False,True,green
BLM10,27.12,8.42,25.97,9.8,28.02,22.25,31.25,23.59,28.65,13.54,26.43,6.96,33.44,20.61,YFL007W,"Proteasome activator; binds the core proteasome (CP) and stimulates proteasome-mediated protein degradation by inducing gate opening; required for sequestering CP into proteasome storage granule (PSG) during quiescent phase and for nuclear import of CP in proliferating cells; required for resistance to bleomycin, may be involved in protecting against oxidative damage; similar to mammalian PA200",Proteasome activator; binds the core pro...,False,False,green
LPD1,249.62,72.89,296.59,104.75,230.01,223.11,238.42,158.26,234.75,96.72,253.68,100.55,310.49,162.66,YFL018C,"Dihydrolipoamide dehydrogenase; the lipoamide dehydrogenase component (E3) of the pyruvate dehydrogenase and 2-oxoglutarate dehydrogenase multi-enzyme complexes; LPD1 has a paralog, IRC15, that arose from the whole genome duplication",Dihydrolipoamide dehydrogenase; the lipo...,False,True,green
HAC1,23.31,7.42,47.92,21.04,16.01,17.96,28.12,19.91,30.45,13.85,27.69,16.87,98.87,49.24,YFL031W,"Basic leucine zipper (bZIP) transcription factor (ATF/CREB1 homolog); regulates the unfolded protein response, via UPRE binding, and membrane biogenesis; ER stress-induced splicing pathway facilitates efficient Hac1p synthesis; protein abundance increases in response to DNA replication stress",Basic leucine zipper (bZIP) transcriptio...,False,False,green
YFL043C,12.85,2.9,15.42,5.88,12.96,12.18,14.22,9.79,12.91,4.48,11.93,5.29,13.89,6.81,YFL042C,"Putative protein of unknown function; not an essential gene; YFL042C has a paralog, YLR072W, that arose from the whole genome duplication",Putative protein of unknown function; no...,True,True,green
AGP3,1.03,3.91,1.47,3.88,0.99,0.97,1.23,2.41,1.1,2.58,0.84,1.64,1.86,2.51,YFL055W,Low-affinity amino acid permease; may act to supply the cell with amino acids as nitrogen source in nitrogen-poor conditions; transcription is induced under conditions of sulfur limitation; plays a role in regulating Ty1 transposition,Low-affinity amino acid permease; may ac...,True,False,green
YFL068W,0,0,0,0,0,0,0,0,0,0,0,0,0,0,YFL068W,Putative protein of unknown function,Putative protein of unknown function,True,True,green
YFH7,13.68,3.61,19.68,9.34,12.83,11.95,14.12,9.68,10.7,6.07,13.48,7.18,15.33,7.57,YFR007W,Putative kinase with similarity to the PRK/URK/PANK kinase subfamily; the PRK/URK/PANK subfamily of P-loop kinases is also known as phosphoribulokinase/uridine kinase/bacterial pantothenate kinase,Putative kinase with similarity to the P...,False,False,green
YFR018C,18.1,137.06,19.09,78.1,22.4,21.99,22.21,77.38,24.62,144.03,18.95,120.53,22.25,82.21,YFR018C,Putative protein of unknown function,Putative protein of unknown function,False,True,green
MET10,86.7,28.17,50.66,17.14,72.63,65.69,147.34,101.16,114.69,49.29,61.97,17.45,66.61,37.6,YFR030W,Subunit alpha of assimilatory sulfite reductase; complex converts sulfite into sulfide,Subunit alpha of assimilatory sulfite re...,False,False,green
OSW7,25.7,135.45,35.53,183.18,23.34,21.73,25.6,104.04,21.69,162.88,23.66,133.78,33.45,135.13,YFR039C,"Protein involved in outer spore wall assembly; likely involved directly in dityrosine layer assembly; may be involved in response to high salt and changes in carbon source; deletion mutant has decreased spore survival in Drosophila feces; OSW7 has a paralog, SHE10, that arose from the whole genome duplication; deletion of both OSW7 and SHE10 results in reduced dityrosine fluorescence from the spore wall relative to other mutants",Protein involved in outer spore wall ass...,False,True,green
RET2,177.38,56.3,179.12,67.71,169.83,166.55,160.97,110.81,160.04,72.14,163.15,71.68,200.81,102.03,YFR051C,Delta subunit of the coatomer complex (COPI); COPI coats Golgi-derived transport vesicles; involved in retrograde transport between Golgi and ER,Delta subunit of the coatomer complex (C...,False,False,green
LEU1,191.16,49.46,61.32,21.15,81.44,77.79,264.79,163.66,297.39,112.09,85.03,31.47,203.74,92.93,YGL009C,Isopropylmalate isomerase; catalyzes the second step in the leucine biosynthesis pathway,Isopropylmalate isomerase; catalyzes the...,False,True,green
ALK1,32.87,9.46,41.17,18.93,24.72,21.74,27.88,20.22,26.51,15.37,28.02,15.53,33.89,21.08,YGL021W,"Protein kinase; along with its paralog, ALK2, required for proper spindle positioning and nuclear segregation following mitotic arrest, proper organization of cell polarity factors in mitosis, proper localization of formins and polarity factors, and survival in cells that activate spindle assembly checkpoint; phosphorylated in response to DNA damage; ALK1 has a paralog, ALK2, that arose from the whole genome duplication; similar to mammalian haspins","Protein kinase; along with its paralog, ...",False,False,green
MIG1,42.39,11.4,50.91,17.49,42.61,40.74,40.01,23.34,35.36,14.41,37.5,16.08,46.07,20.03,YGL035C,Transcription factor involved in glucose repression; sequence specific DNA binding protein containing two Cys2His2 zinc finger motifs; regulated by the SNF1 kinase and the GLC7 phosphatase; regulates filamentous growth along with Mig2p in response to glucose depletion; shuttles between cytosol and nucleus depending on external glucose levels and its phosphorylation state,Transcription factor involved in glucose...,False,True,green
RPT6,179.55,44.7,200.31,75.26,158.11,157.48,190.29,125.83,181.67,75.57,151.83,61.39,220.67,104.27,YGL048C,ATPase of the 19S regulatory particle of the 26S proteasome; one of six ATPases of the regulatory particle; involved in the degradation of ubiquitinated substrates; bound by ubiquitin-protein ligases Ubr1p and Ufd4p; localized mainly to the nucleus throughout the cell cycle; protein abundance increases in response to DNA replication stress,ATPase of the 19S regulatory particle of...,False,False,green
DUO1,24.65,5.99,29.79,10.6,20.81,21.32,26.7,16.74,20.81,9.5,24.92,12.76,20.18,11.03,YGL061C,Essential subunit of the Dam1 complex (aka DASH complex); cooperates with Dam1p to connect the DASH complex with microtubules (MT); couples kinetochores to the force produced by MT depolymerization thereby aiding in chromosome segregation; is transferred to the kinetochore prior to mitosis,Essential subunit of the Dam1 complex (a...,False,True,green
RPL7A,1544.18,408.69,965.33,439.4,1561.29,1586.59,1603.54,999.88,1538.91,682.1,1406.41,746.87,1123.46,538.88,YGL076C,"Ribosomal 60S subunit protein L7A; required for processing of 27SA3 pre-rRNA to 27SB pre-rRNA during assembly of large ribosomal subunit; depletion leads to a turnover of pre-rRNA; contains a conserved C-terminal Nucleic acid Binding Domain (NDB2); binds to Domain II of 25S and 5.8S rRNAs; homologous to mammalian ribosomal protein L7 and bacterial L30; RPL7A has a paralog, RPL7B, that arose from the whole genome duplication",Ribosomal 60S subunit protein L7A; requi...,False,False,green
MF(ALPHA)2,0.46,0.08,0.38,0.08,0.51,0.58,0.16,0.09,0.4,0.14,0.18,0.73,0.16,0.88,YGL089C,"Mating pheromone alpha-factor, made by alpha cells; interacts with mating type a cells to induce cell cycle arrest and other responses leading to mating; also encoded by MF(ALPHA)1, which is more highly expressed; MF(ALPHA)2 has a paralog, MF(ALPHA)1, that arose from the whole genome duplication","Mating pheromone alpha-factor, made by a...",True,True,green
YGL101W,77.13,21.05,88.59,39.39,60.52,62.85,70.9,49.77,65.16,31.49,74.14,38.99,73.2,38.78,YGL101W,"Protein of unknown function; non-essential gene; interacts with the DNA helicase Hpr5p; YGL101W has a paralog, YBR242W, that arose from the whole genome duplication",Protein of unknown function; non-essenti...,False,False,green
SNF4,82.65,28.45,119.01,44.28,78.68,75.07,88.91,59.45,78.05,34.94,92.76,36.23,98.26,50.55,YGL115W,"Activating gamma subunit of the AMP-activated Snf1p kinase complex; additional subunits of the complex are Snf1p and a Sip1p/Sip2p/Gal83p family member; activates glucose-repressed genes, represses glucose-induced genes; role in sporulation, and peroxisome biogenesis; protein abundance increases in response to DNA replication stress",Activating gamma subunit of the AMP-acti...,False,True,green
CWC23,12.71,4.99,16.37,7.51,11.04,9.85,10.22,7.26,10.28,4.23,11.99,6.16,12.23,4.67,YGL128C,Component of a complex containing Cef1p; putatively involved in pre-mRNA splicing; has similarity to E. coli DnaJ and other DnaJ-like proteins and to S. pombe Cwf23p,Component of a complex containing Cef1p;...,False,False,green
HUL5,18.06,4.98,27.68,9.08,14.35,12,17.18,11.49,14,7.08,15.46,4.99,23.59,14.23,YGL141W,"Multiubiquitin chain assembly factor (E4); proteasome processivity factor that elongates polyUb chains on substrates, opposing Ubp6p, a branched polyubiquitin protease; required for retrograde transport of misfolded proteins during ERAD",Multiubiquitin chain assembly factor (E4...,False,True,green
CDC43,17.7,6.99,23.83,11.49,16.23,15.37,18.01,13.29,18.76,9.91,18.1,8.66,21.76,13.5,YGL155W,Beta subunit of geranylgeranyltransferase type I; catalyzes geranylgeranylation to the cysteine residue in proteins containing a C-terminal CaaX sequence ending in Leu or Phe; has substrates important for morphogenesis,Beta subunit of geranylgeranyltransferas...,False,False,green
HUR1,0,0,0.08,0,0,0.13,0.07,0,0,0,0.06,0,0,0,YGL168W,Protein of unknown function; reported null mutant phenotype of hydroxyurea sensitivity may be due to effects on overlapping PMR1 gene,Protein of unknown function; reported nu...,True,True,green
GTS1,49.08,13.44,62.18,23.93,42.57,48.05,49.58,33.71,43.61,17.25,41.56,20.8,59.48,27.81,YGL181W,"Protein involved in Arf3p regulation and in transcription regulation; localizes to the nucleus and to endocytic patches; contains an N-terminal Zn-finger and ArfGAP homology domain, a C-terminal glutamine-rich region, and a UBA (ubiquitin associated) domain; gts1 mutations affect budding, cell size, heat tolerance, sporulation, life span, ultradian rhythms, endocytosis; expression oscillates in a pattern similar to metabolic oscillations",Protein involved in Arf3p regulation and...,False,False,green
HOS2,26.11,8.89,38.64,18.28,22.6,19.76,24.9,17.49,20.97,11.64,27.49,10.28,30.45,16.75,YGL194C,"Histone deacetylase and subunit of Set3 and Rpd3L complexes; required for gene activation via specific deacetylation of lysines in H3 and H4 histone tails; subunit of the Set3 complex, a meiotic-specific repressor of sporulation specific genes that contains deacetylase activity; co-localizes with Cmr1p in nuclear foci in response to DNA damage by MMS",Histone deacetylase and subunit of Set3 ...,False,True,green
CHC1,205.32,39.6,230.67,66.8,200.83,195,225.3,129.92,210.59,87.68,219.81,77.25,263.73,111.65,YGL206C,Clathrin heavy chain; subunit of the major coat protein involved in intracellular protein transport and endocytosis; the clathrin triskelion is a trimeric molecule composed of three heavy chains that radiate from a vertex and three light chains which bind noncovalently near the vertex of the triskelion; the light chain (CLC1) is thought to regulate function,Clathrin heavy chain; subunit of the maj...,False,False,green
NIF3,123.43,42.85,134.56,55.43,119.31,121.23,126.94,91.44,117.45,54.27,114.95,52.6,135.78,72.62,YGL221C,"Protein of unknown function; similar to Listeria monocytogenes major sigma factor (rpoD gene product); the authentic, non-tagged protein is detected in highly purified mitochondria in high-throughput studies",Protein of unknown function; similar to ...,False,True,green
TAN1,54.18,10.61,53.13,22.18,46.01,52.37,63.68,38.19,57.41,24.78,55.87,27.9,64.48,29.63,YGL232W,Putative tRNA acetyltransferase; RNA-binding protein required for the formation of the modified nucleoside N(4)-acetylcytidine in serine and leucine tRNAs but not required for the same modification in 18S rRNA; protein abundance increases in response to DNA replication stress,Putative tRNA acetyltransferase; RNA-bin...,False,False,green
GUS1,609.62,218.07,558.97,234.71,653.14,687.67,662.54,457.54,684.72,272.02,640.83,313.13,658.35,395.07,YGL245W,Glutamyl-tRNA synthetase (GluRS); forms a complex with methionyl-tRNA synthetase (Mes1p) and Arc1p; complex formation increases the catalytic efficiency of both tRNA synthetases and ensures their correct localization to the cytoplasm; protein abundance increases in response to DNA replication stress,Glutamyl-tRNA synthetase (GluRS); forms ...,False,True,green
MNT2,11.96,58.29,15.5,65.03,10.53,9.33,15.11,50.46,14.8,70.58,15.18,52.89,17.51,45.63,YGL257C,Mannosyltransferase; involved in adding the 4th and 5th mannose residues of O-linked glycans,Mannosyltransferase; involved in adding ...,True,False,green
CUL3,10.14,2.9,12.41,5.3,9.11,8.7,11.91,7.59,10.24,5.04,11.38,4.42,12.06,6.37,YGR003W,Ubiquitin-protein ligase; forms a complex with Elc1p that polyubiquitylates monoubiquitylated RNA polymerase II to trigger its proteolysis; cullin family member with similarity to Cdc53p and human CUL3,Ubiquitin-protein ligase; forms a comple...,False,True,green
YGR016W,9.87,17.13,16.1,27.29,7.53,7.89,8.63,12.77,6.19,18.01,9.7,20.74,12.18,18.59,YGR016W,Putative protein of unknown function,Putative protein of unknown function,True,False,green
POP6,37.03,7.29,34.58,16.41,25.83,22.95,30.64,16.5,27.44,11.68,37.15,24.42,16.81,11.83,YGR030C,"Subunit of both RNase MRP and nuclear RNase P; forms a soluble heterodimer with Pop7p that binds P3 domain of RNase MRP and RNase P RNAs; RNase MRP cleaves pre-rRNA, while nuclear RNase P cleaves tRNA precursors to generate mature 5' ends and facilitates turnover of nuclear RNAs; relocalizes to the cytosol in response to hypoxia",Subunit of both RNase MRP and nuclear RN...,False,True,green
BUD9,15.69,2.89,17.77,8.83,14.36,14.84,14.25,9.45,11.73,10.83,15.38,12.56,14.46,7.62,YGR041W,"Protein involved in bud-site selection; mutant has increased aneuploidy tolerance; diploid mutants display a unipolar budding pattern instead of the wild-type bipolar pattern, and bud at the distal pole; BUD9 has a paralog, BUD8, that arose from the whole genome duplication",Protein involved in bud-site selection; ...,True,False,green
MUP1,229.96,1480.58,251.48,1328.53,252.38,218.7,294.65,916.22,271.16,713.14,245.29,402.19,214.21,428.14,YGR055W,High affinity methionine permease; integral membrane protein with 13 putative membrane-spanning regions; also involved in cysteine uptake,High affinity methionine permease; integ...,True,True,green
ART5,8.24,2.39,8.97,5.55,9.59,7.21,8.14,6.62,8.84,3.26,7.93,3.3,7.82,3.73,YGR068C,Protein proposed to regulate endocytosis of plasma membrane proteins; regulates by recruiting the ubiquitin ligase Rsp5p to its target in the plasma membrane,Protein proposed to regulate endocytosis...,False,False,green
TOM20,174.13,91.68,159.94,102.74,168.05,168.86,159.28,123.64,156.56,115.81,162.27,147.41,136.54,103.44,YGR082W,Component of the TOM (translocase of outer membrane) complex; responsible for recognition and initial import steps for all mitochondrially directed proteins; acts as a receptor for incoming precursor proteins,Component of the TOM (translocase of out...,False,True,green
VAS1,306.53,98.56,215.2,80.58,336.3,323.33,373.28,269.46,368.79,175.23,343.43,124.38,284.95,173.09,YGR094W,Mitochondrial and cytoplasmic valyl-tRNA synthetase,Mitochondrial and cytoplasmic valyl-tRNA...,False,False,green
VOA1,346.11,1662.72,325.83,1479.51,359.89,306.05,359.52,945.35,343.77,1851.3,351.45,1833.21,364.71,1508.1,YGR106C,ER protein that functions in assembly of the V0 sector of V-ATPase; functions with other assembly factors; null mutation enhances the vacuolar ATPase (V-ATPase) deficiency of a vma21 mutant impaired in endoplasmic reticulum (ER) retrieval,ER protein that functions in assembly of...,True,True,green
MEP1,24.12,168.72,69.11,298.6,15.19,14.8,7.15,23.27,7.26,20.98,10.15,19.87,83.01,239.72,YGR121C,"Ammonium permease; belongs to a ubiquitous family of cytoplasmic membrane proteins that transport only ammonium (NH4+); expression is under the nitrogen catabolite repression regulation; MEP1 has a paralog, MEP3, that arose from the whole genome duplication",Ammonium permease; belongs to a ubiquito...,True,False,green
PHB1,136.39,54.83,176.51,73.34,124.61,126.6,134.35,98.34,132.23,58.58,143.57,66.95,151.98,85.64,YGR132C,Subunit of the prohibitin complex (Phb1p-Phb2p); prohibitin is a 1.2 MDa ring-shaped inner mitochondrial membrane chaperone that stabilizes newly synthesized proteins; determinant of replicative life span; involved in mitochondrial segregation; prohibitin deficiency induces a mitochondrial unfolded protein response (mtUPR),Subunit of the prohibitin complex (Phb1p...,False,True,green
ECL1,17.74,4.25,30.82,13.73,12.76,12.6,25.54,14.86,19.14,8.65,19.16,7.53,22.76,10.37,YGR146C,Protein of unknown function; mitochondrial-dependent role in the extension of chronological lifespan; overexpression increases oxygen consumption and respiratory activity while deletion results in reduced oxygen consumption under conditions of caloric restriction; induced by iron homeostasis transcription factor Aft2p; multicopy suppressor of temperature sensitive hsf1 mutant; induced by treatment with 8-methoxypsoralen and UVA irradiation,Protein of unknown function; mitochondri...,False,False,green
MTR3,35.16,12.99,27.56,13.55,35.37,35.71,36.19,22.23,38.47,15.85,44.63,23.77,27.3,12,YGR158C,Exosome non-catalytic core component; involved in 3'-5' RNA processing and degradation in both the nucleus and the cytoplasm; has similarity to E. coli RNase PH and to human hMtr3p (EXOSC6),Exosome non-catalytic core component; in...,False,True,green
PSD2,7.81,2.45,12.27,5.12,7.77,6.7,8.45,5.68,8.12,3.4,8.58,3.76,11.24,5.21,YGR170W,Phosphatidylserine decarboxylase of the Golgi and vacuolar membranes; converts phosphatidylserine to phosphatidylethanolamine; controls vacuolar membrane phospholipid content by regulating phospholipids in compartments that will eventually give rise to the vacuole; loss of Psd2p causes a specific reduction in vacuolar membrane PE levels while total PE levels are not significantly affected,Phosphatidylserine decarboxylase of the ...,False,False,green
QCR9,96.83,31.42,194.37,84.1,70.3,61.96,57.21,33.81,63.66,25.04,101.43,59.12,129.78,53.58,YGR183C,Subunit 9 of ubiquinol cytochrome-c reductase (Complex III); Complex III is a component of the mitochondrial inner membrane electron transport chain; required for electron transfer at the ubiquinol oxidase site of the complex,Subunit 9 of ubiquinol cytochrome-c redu...,False,True,green
FYV8,20.02,3.28,25.57,9.45,17.38,18.33,20.78,12.37,20.07,6.52,20.01,7.51,23.65,8.57,YGR196C,Protein of unknown function; required for survival upon exposure to K1 killer toxin,Protein of unknown function; required fo...,False,False,green
CIR1,112.22,29.45,141.72,52.47,79.41,93.16,112.52,70.05,100.12,38.61,110.03,50.53,125.17,55.97,YGR207C,Mitochondrial protein that interacts with frataxin (Yfh1p); putative ortholog of mammalian electron transfer flavoprotein complex subunit ETF-beta; may have a role in oxidative stress response,Mitochondrial protein that interacts wit...,False,True,green
MRPL9,59.84,19.07,86.75,40.96,49.39,51.89,54.28,35.59,46.13,23.88,59.26,30.24,55.91,35.34,YGR220C,Mitochondrial ribosomal protein of the large subunit,Mitochondrial ribosomal protein of the l...,False,False,green
YHB1,337.73,94.17,369.28,124.82,327.44,340.04,473.96,304.31,335.93,134.18,352.87,129.17,441.86,202.72,YGR234W,Nitric oxide oxidoreductase; flavohemoglobin involved in nitric oxide detoxification; plays a role in the oxidative and nitrosative stress responses; protein increases in abundance and relocalizes from nucleus to cytoplasmic foci upon DNA replication stress,Nitric oxide oxidoreductase; flavohemogl...,False,True,green
BRF1,21.67,6.05,25.93,10.63,20.95,19.51,24.12,15.79,23.31,9.41,23.64,9.69,24.43,12.63,YGR246C,"TFIIIB B-related factor; one of three subunits of RNA polymerase III transcription initiation factor TFIIIB, binds TFIIIC and TBP and recruits RNA pol III to promoters, amino-terminal half is homologous to TFIIB",TFIIIB B-related factor; one of three su...,False,False,green
RAD2,8.5,3.55,13.05,5.66,6.42,6.88,8.75,7.15,8.57,4.45,8.8,4.11,10.25,6.76,YGR258C,Single-stranded DNA endonuclease; cleaves single-stranded DNA during nucleotide excision repair to excise damaged DNA; subunit of Nucleotide Excision Repair Factor 3 (NEF3); homolog of human XPG protein,Single-stranded DNA endonuclease; cleave...,False,True,green
YGR273C,0.2,0,0.48,0.28,0.34,0,0.27,0.1,0.15,0,0.25,0.27,0.18,0,YGR273C,"Putative protein of unknown function; expression downregulated by treatment with 8-methoxypsoralen plus UVA irradiation; not an essential gene; YGR273C has a paralog, YMR295C, that arose from the whole genome duplication",Putative protein of unknown function; ex...,False,False,green
ZUO1,751.65,209.36,567.58,193.66,876.24,941.12,787.14,487.66,856.54,274.05,780.8,287.72,687.97,313.95,YGR285C,"Ribosome-associated chaperone; functions in ribosome biogenesis and, in partnership with Ssz1p and SSb1/2, as a chaperone for nascent polypeptide chains; contains a DnaJ domain and functions as a J-protein partner for Ssb1p and Ssb2p",Ribosome-associated chaperone; functions...,False,True,green
ETP1,8.42,1.95,16.08,7.53,5.44,6.62,7.7,4.69,6.72,3.04,7.06,3.93,11.51,5.67,YHL010C,"Putative protein of unknown function required for growth on ethanol; contains a zinc finger region and has homology to human BRAP2, which is a cytoplasmic protein that binds nuclear localization sequences",Putative protein of unknown function req...,False,False,green
AIM17,103.59,28.13,310,105.32,65.73,68.39,41.12,30.71,59.17,25.85,72,26.7,180.28,84.03,YHL021C,"Putative protein of unknown function; the authentic, non-tagged protein is detected in highly purified mitochondria in high-throughput studies; null mutant displays reduced frequency of mitochondrial genome loss",Putative protein of unknown function; th...,False,True,green
RPL8A,1144.86,392.86,894.52,358.74,1229.33,1321.45,1140.01,742.05,1326.89,471.49,1185.92,524.02,1006.43,513.2,YHL033C,"Ribosomal 60S subunit protein L8A; required for processing of 27SA3 pre-rRNA to 27SB pre-rRNA during assembly of large ribosomal subunit; depletion leads to a turnover of pre-rRNA; L8 binds to Domain I of 25S and 5.8 S rRNAs; mutation results in decreased amounts of free 60S subunits; homologous to mammalian ribosomal protein L7A, no bacterial homolog; RPL8A has a paralog, RPL8B, that arose from the whole genome duplication",Ribosomal 60S subunit protein L8A; requi...,False,False,green
COS8,13.36,53.59,28.27,122.02,12.57,16.17,18.95,56.93,15,55.88,19.35,53.13,28.23,82.88,YHL048W,"Nuclear membrane protein; member of the DUP380 subfamily of conserved, often subtelomerically-encoded proteins; regulation suggests a potential role in the unfolded protein response",Nuclear membrane protein; member of the ...,True,True,green
TCD1,34.8,11.09,42.47,19.08,25.32,25,34.77,25.9,30.19,18.06,35.16,26.66,32.73,20.12,YHR003C,"tRNA threonylcarbamoyladenosine dehydratase; required for the ct6A tRNA base modification, where an adenosine at position 37 is modified to form a cyclized active ester with an oxazolone ring; localized to the mitochondrial outer membrane; TCD1 has a paralog, TCD2, that arose from the whole genome duplication",tRNA threonylcarbamoyladenosine dehydrat...,False,False,green
